"sentimen","tweet"
"0","Habis Pilkada mesti pemerintah jual vaksin klo dah laku banyak ya bisa lah corona dianggap sepele"
"0","Pas mau pilkada tiba tiba corona menurun hahaha lucu kemaren maren kemana aja anjing Wkwk"
"1","Ayo Pilkada jangan takut Corona "
"0","Masyarakat menilai pilkada serentak sangat rawan terhadap penyebaran virus corona "
"0","Musim pilkada corona menurun musim vaksin corona meningkat "
"0","semakin sedikit tes semakin sedikit kasus semakin corona cepet selesai yok bisa yok pilkada dah dekat"
"1","Dalam situasi pandemi spt ini dituntut kesadaran dan kedisiplinan baik penyelenggara peserta Pilkada utk taat Prokes"
"0","Meskipun sesak bernafas namun Pilkada berlanjut tidak takut issu Corona bahkan Gempa ditantang Whay  "
"0","Begini jika kota yg di otak pemimpinnya yg sedang mencalonkan cuma ingin menangkan Pilkada masa bodoh dgn penanganan corona"
"1","Melalui pilkada yang fokus prokes maka akan cepat penangana corona Kita dorong cakada untuk kampanye penggunaan masker"
"1","Patuhi protokol kesehatan saat pilkada stop penyebaran virus corona"
"0","Daerah yang pilkada malah turun tuh tingkat infeksi Aneh kan"
"0","Pilkada Kan masih ada corona"
"0","Media ini menjelaskan begitu mengerikan covid19 atau corona wuhan Resikonya nyawa Rakyat Knp pilkada tak distop"
"0","Mahfud Sentil Jakarta Tak Gelar Pilkada Tapi Juara Corona"
"1","Pelanggaran prokes calon kepala daerah di Pilkada 2020 tak boleh dibiarkan meningkat Komitmen cakada sangat penting memang "
"1","paslon tidak cukup hanya melakukan upaya pencegahan penyebaran Corona namun harus membantu masyarakat agar bisa keluar dari pandemi"
"1","Ketaatan dan sosialisasi prokes sgt penting dalam memastikan Pilkada 2020 aman dari penularan corona"
"0","Pil KB bisa menunda beranak tapi PILKADA tidak bisa di tunda demi ANAK "
"1","Perlukah pilkada ditunda jika pilpres Amerika saja jalan terus"
"0","Tunda pilkada raja raja kecil yang ditawarkan partai partai politik dipilkada itu bukanlah solusi bagi persoalan2 rakyat"
"0","Tekan Penyebaran PPNI Jatim Minta Pemerintah Tunda Pilkada 2020"
"1","emang mau ditunda sampai kapan? ada kepastian pandemi berakhir "
"0","Dari berbagai usulan spt tunda pilkada tolak Omnibus Law cuma permintaan ini yg bisa difasilitasi  Hehehe "
"1","tunda pilkada tidak akan menyelesaikan masalah justru akan menimbulkan masalah baru "
"0","Pilkada Tunda 50 pilkada terus 43 Suara kita selalu sama dengan suara rakyat "
"0","Mayoritas rakyat baik didaerah yg pilkada maupun tdk menginginkan pilkada ditunda ya betul tdk perlu lg perdebatan"
"0","Pilkada pak tunda ngebet banget kaya kuku cantengan "
"1","Hal tsb tentu sudah diperhitungkan oleh bawaslu oleh karena itu bawaslu terapkan sanksi bagi pelangar prokes"
"1","Tidak ada alasan tunda pilkada pelanggar protokol kesehatan akan dapat sanksi"
"0","Dengan Maraknya praktik Patronase inilah yang dapat digunakan indikator mengapa Pilkada harus ditunda"
"1","Pilkada saat pandemi mungkin membahayakan tapi yang menolak pilkada karena pandemi belum tentu yang paling benar"
"1","sehabis pilkada corona bangkit lagi semoga tidak"
"1","Katanya Setelah pilkada corona selesai Klo itu obatnya ya lanjut lah Aku dah ndak tahan di luar kenormalan ini"
"0","Pilkada bisa di selengarakan tahun depan tapi menghentikan tangis anggota keluarganya akibat Corona harus di lakukan secepat mungkin"
"1","Jika pilkada ini sukses dengan patuh prokes ini bagus buat kita semua"
"0","Jusuf Kalla menilai Pilkada 2020 lebih baik diundur hingga vaksin corona ditemukan"
"1","bagi daerah yang menggelar pilkada semoga sukses dan pilihlah yg benar2 mampu membawa daerah masing2 ke arah yg lebih baik"
"1","Jika pilkada ini sukses dengan patuh prokes ini bagus buat kita semua"
"1","pilkada sukses semoga pemimpin baru lahir untuk rakyat "
"0","PKB Tunda Pilkada Jika Ingin Turunkan Kasus Corona"
"0","Emang bisa seanarkis apa sih indonesia kalau pilkada di tunda buat hal yang lebih urgent"
"0","pelanggar itu yang terdata sangat memungkinkan paslon di daerah yang jauh melakukan pelanggaran yang sama Tunda pilkada"
"1","tunda pilkada itu artinya pilkada hanya persoalan protokol kesehatan pilkada kali ini akan terapkan protokol kesehatan"
"0","Maruf Amin Lebih Pilih Tunda Pilkada 2020"
"0","Negara harus menjamin kesehatan warganya hal tersebut diatur dalam konstitusi kita oleh karena itu tidak ada alasan pilkada dilanjutkan"
"0","Apalagi ditambah dengan peristiwa pendaftaran kepala daerah kemarin tampak nyata bahwa protocol kesehatan sama sekali diabaikan"
"1","Kita bersyukur Pilkada 2020 yang diikuti 270 daerah berjalan dengan aman dan terkendali tanpa adanya gangguan"
"1","Kemarin pilkada aman ya"
"1","Alhamdulilah pelaksanaan pilkada serentak berjalan lancar aman damai dan sehat Ancaman pandemi covid 19 pun bisa dieleminir"
"1","Pilkada di tengah pandemi Covid 19 akan berjalan lancar asalkan mengikuti protokol"
"0","Tentang Pilkada serentak 2020 yg tetap di laksanakan Wapres Kalau saya sih lebih baik di tunda"
"0","Kalau kyai sudah bilang tunda ya tunda Jangan membangkang nanti kualat kamu Iya kamu yang ngotot ingin pilkada "
"0","Yai mbok mohon gih ke pak LBP dan bu Mega spy tunda dl pilkada"
"0","minim dana sih mending tunda pilkada "
"0","Maruf Amin Isyaratkan Untuk Tunda Pilkada 2020 "
"0","Piyeee mas Bro jokowi Wapresnya minta di tunda PILKADA jgn krn Ada ANAK MANTU IPAR BESAN Maju di Pilkada Kt Wapres"
"0","bersama para ulama yg mana pak ulama udah nyaranin tunda pilkada cabut omnibus dan gaada yg didengar"
"0","Maulid nabi dilarang Pilkades ditunda tapi Pilkada harus tetap jalan Gile lu ndro "
"0","Pak Kiyai MarufAmin menyarankan Pilkada di tunda dan setuju Liga 1 berjalan Auto jadi wapres 2 periode "
"0","Waduh pilkada lanjut pilkades tunda "
"0","Kue pak panjenengan ngomong kalih bose ben pilkada di tunda mawon"
"0","Hayu urang gerak tunda pilkada "
"0","wow wow Maulid ini pak Pilkades bapak tunda batalkan PILKADA gmn pak"
"1","Pilkada adalah PESTA rakyat yg membahagiakan Jadi jangan tunda kebahagiakan rakyat"
"1","pilkada tidak bisa ditunda lagi karena disaat seperti ini kita butuh pemimpin yg menghasilkan solusi "
"0","Demi Kemanusiaan Luhut Minta Demo Berhenti Sampai Kondisi Aman dari Corona Demi Kemanusiaan juga TUNDA PILKADA Sampai Kondisi memungkinkan"
"0","Tunda PILKADA gak mau di masa pandemi Jagalah birahi politik opung "
"1","Jika Pilkada Di Tunda Siapa Kah Yang Akan Bertanggung Jawab Gus"
"0","Tunda pilkada jagalah birahi politik "
"1","sukseskan Pilkada Serentak 2020 jangan lupa selalu terapkan protokol kesehatan"
"1","Dukung dan sukseskan Pilkada Serentak 2020 Gunakan hak pilih jangan lupa selalu terapkan protokol kesehatan "
"1","Patuhi Protokol Kesehatan Pencegahan Covid 19 dalam Pilkada serentak 2020 "
"1","Apapun Pilihanmu Jaga Persatuan dan Patuhi Protokol Kesehatan Yuk gunakan hak pilih dalam Pilkada 2020 dengan sebaik baiknya"
"1","Pilkada Ditengah Pandemi Covid 19 mari kita Disiplin Protokol Kesehatan guna terciptanya Pilkada yang Amanman dan nyaman"
"1","Patuhi Protokol Kesehatan demi terciptanya Pilkada 2020 yang Aman dari "
"0","Demo boleh Pilkada dangdutan boleh embel embel protokol kesehatan Tempat ibadah dibatasi diberi jarak Sekolah ga boleh Hmm aneh "
"1","Hai Sobat Polri Yuk tetap patuhi protokol kesehatan yaa dalam memilih pasangan calon pimpinan daerah dalam Pilkada 2020"
"1","ayohh memilih dan patuhi protokol kesehatan pilkada serentak 2020"
"1","Jadikan Pilkada serentak tahun ini tetap tenang tanpa adanya provokasi dan tetap Patuhi Prokes Pada Pilkada "
"1","Protokol Kesehatan Kunci Sukses Pilkada "
"0","2 kampanye pada Pilkada di Sulsel dibubarkan Kampanye tersebut dibubarkan lantaran melanggar protokol kesehatan "
"1","KPU Persilakan Bawaslu Tindak Pelanggaran Protokol  di Pilkada "
"1","Polres Tabalong Siap Mengamankan dan Mensukseskan Pilkada Serentak 2020 Disiplin Protokol Kesehatan Cegah "
"1","Ketua DPW PKB Sulawesi Tenggara Sultra Jaelani S Ip meminta seluruh kader PKB mematuhi protokol kesehatan saat pilkada"
"1","Berhenti sebarkan berita hoax Damai pilkada dan tetap patuhi protokol kesehatan Pilkada Sehat Taati 3M"
"1","GUNAKAN HAK PILIH ANDA DENGAN TETAP DISIPLIN PROTOKOL KESEHATAN Ciptakan pilkada sulut 2020 yang aman dan sehat"
"1","Yuk gunakan hak pilihmu dalam Pilkada 2020 dengan tetap disiplin protokol kesehatan pencegahan  "
"1","TENTUKAN PILIHANMU DENGAN TETAP MEMATUHI PROTOKOL KESEHATAN PILKADA SERENTAK TAHUN 2020"
"1","Partai Golkar berkomitmen menjadi partai percontohan terutama dalam hal adaptasi dan penerapan protokol kesehatan"
"1","Protokol Kesehatan Kunci Sukses Pilkada"
"1","Silaturahmi kepada Tokoh masyarakat dalam kesempatan tersebut Menyampaikan pesan agar membantu menciptakan situasi pilkada aman"
"1","Ciptakan suasana sejuk dan damai pada tahapan pilkada terutama tahapan kampanye dengan disiplin protokol kesehatan"
"1","Hindari isu SARA Lawan HOAX Tolak money Politik Dan disiplin protokol kesehatan Kita wujudkan Pilkada berkualitas"
"1","Atasi corona dengan protokol kesehatan menangkan demokrasi dengan berkompetisi Wujudkan pilkada 2020 yang sehat"
"1","Pilkada serentak 2020 Nyoblos tetap jalan Patuhi protokol kesehatan tetap oke "
"1","Berikan Hak Suaramu Terapkan Prokes Selalu Yuk berikan hak suaramu saat pesta demokrasi Pilkada 2020 Tapi jangan lupa 3M"
"1","Semangat Bela Negara Bisa Dijadikan Modal untuk Atasi Krisis Pandemi"
"1","Jadilah bangsa yang cerdas dengan gunakan hak pilih dan patuh protokol kesehatan Yuk gunakan hak pilihmu dalam Pilkada 2020"
"1","Terimakasih sobat Polri Ayo sukseskan Pilkada serentak 2020 dengan tetap mengikuti setiap imbauan 3m"
"1","Betul sekali sobat Polri Ayo sukseskan Pilkada serentak 2020 dengan tetap selalu patuhi protokol kesehatan yaa"
"1","Terimakasih sobat Polri Ayo sukseskan Pilkada serentak 2020 dengan tetap selalu patuhi protokol kesehatan yaa"
"1","Hallo sobat Polri Ayo sukseskan Pilkada serentak 2020 dengan tetap selalu patuhi protokol kesehatan yaa"
"1","Mari Ciptakan Pilkada Damai Aman dan Sejuk dan tetap patuhi Protokol Kesehatan "
"1","Protokol kesehatan pilkada sesuai PKPU 13 2020 Disiplin Pakai Masker"
"1","Pilkada 2020 menggunakan Protokol Kesehatan "
"1","Dukung Pilkada serentak 2020 dengan mematuhi Protokol Kesehatan di setiap tahapan Pilkada "
"1","Wujudkan Pilkada Damai Aman dan sejuk dengan mematuhi protokol kesehatan"
"1","emang mau ditunda sampai kapan ada kepastian pandemi berakhir"
"1","POLSEK CIKANDE POLRES SERANG Pilkada Serentak Tetap Damai Jaga Persatuan dan Kesatuan Tetap Patuhi Protokol Kessehatan"
"1","Masyarakat antusias dan optimis Pilkada berjalan lancar Sosialisasi melaksanakan disiplin protokol kesehatan ketat"
"1","Patuhi Protokol Kesehatan Pilkada sesuai PKPU 13 2020 "
"1","Jalin kemitraan dengan menyambangi tokoh dan masyarakat serta menyampaikan himbauan agar atuhi protokol kesehatan saat pemilu"
"1","Jalankan protokol kesehatan pada Pilkada serentak 9 Desember 2020"
"1","Lawan covid 19 sukseskan pelaksanaan pilkada serentak tahun 2020 di provinsi maluku utara dengan tetap patuhi protokol kesehatan"
"1","Wujudkan Pilkada aman dan damai serta tetap mematuhi Protokol Kesehatan "
"1","Wujudkan Pilkada Berkualitas Semua Pihak harus Terapkan Protokol Kesehatan "
"1","Makassar Pilkada Damai Ayo Pakai Masker Terapkan Protokol Kesehatan dalam Kehidupan Sehari hari"
"1","Kok spt gak ada hujan gak ada angin ngusulkan RUU yg tdk terkait langsung dgn mitigasi pandemi Ada apa Perlu dicermati"
"1","Biar gak ada politik kepentingan Usul kedua Adakan pooling secara langsung apakah PILKADA dilanjutkan atau ditunda "
"0","Pandemi menggoyang status quo aspek politik suatu negara polanya sama kaya di AS Jerman Bulgaria Hong Kong Thailand Indonesia"
"1","Bawaslu mulai tegas Atasi Pelanggaran Kampanye Pilkada Sikap Bawaslu Diapresiasi"
"1","Ayo dukung ketegasan bawaslu RI dalam hal mengambil tindakan terhadap kontestan pilkada serentak yang mengabaikan protokol kesehatan"
"1","Apresisi untuk Bawaslu Untuk pilkada aman dan sehat memang butuh ketegasan dan sanksi yg bisa memberikan efek jera"
"1","Banyak pihak menilai Bawaslu sudah mulai melakukan tindakan tegas atas pelanggaran yang berkenaan dengan pilkada"
"0","Klaster Pilkada di 270 daerah pemilihan lebih gawat ketimbang demo Omnibus Law"
"0","Ntar pilkada jangan datang biar aja mereka yang datang ke rumah Alasannya covid aja kan namanya juga perwakilan"
"1","Mari bersama menyukseskan Pilkada malang Nomor 1"
"0","Kenapa banyak kenapa yang mengganjal di otak kenapa sekolah dilarang masuk pilkada di iyakan kenapa lagi"
"0","Pilkada itu hak anak mantu Kalau demo itu hak rakyat yg kalian tipu Benar benar ANJINGGGGG ini rezim"
"0","Pilkada tak lebih dari berebut kekuasaan demi kepentingan pribadi dan kelompok Duit menjadi faktor penting "
"0","Ormas apa yg nolak pilkada dg alasan COVID19 tapi mendukung demo Umnibus Lau Ciri2nya Jelmaan Pam Swakarsa "
"1","Sudah saatnya dia pensiun dan ikut pilkada "
"1","Pandemi tak bisa dijadikan alasan untuk menunda hajatan lima tahunan yang sudah berjalan dan diagendakan lama"
"0","Efektifnya sih januari Tapi belum tau tunggu vaksin katanya Kalo misal pilkada desember besok kasus covid meningkat bagaimana"
"0","Rakyat tolak revisi UU KPK UU KPK direvisi Rakyat tolak politik dinasti anak amp mantu maju pilkada"
"1","Untuk itu mari semua pihak untuk fokus penanganan corona tanpa melewatkan agenda demokrasi 5 tahunan "
"0","psbb diringankan sekolah boleh masuk sesuai protokol covid 19 pilkada tatap jalan selesai pilkada isu positif covid naik"
"0","NU Mulai Tarik Diri dari Jokowi Kritisi Pilkada"
"1","Tau bakal viral gini saya kemarin ikut pilkada di partai sayur kacang menang telak pasti"
"0","Gak ada covid aja pemilu udah makan korban"
"0","Pemilu aja petugas kpps banyak yg meninggal belum ada covid padahal waktu itu"
"0","Bener banget kalau ada yang bilang Pemilu tuh lelang pendahuluan barang curian Sampai suara pasien Covid pun dicuri"
"0","PEMILU kada 9 Desember segera di gelar sementara di berbagai wilayah terjadi zona merah covid 19 ambyar covid 19"
"0","Udah kena covid masih dibela belain diambil suaranya dengan risiko penularan baru itu udah benar benar pengejawantahan"
"0","jkt Yg pemilu aja horor gimana Pilkada di momen Covid 19"
"0","jkt yang pemilu lalu banyak yang bunuh kalo yang sekarang bikin petugasnya pada sakit Covid 19"
"1","Why you reaktif terhadap berita macam ini KEJADIANNYA SAJA BELUM HANYA UCAPAN"
"1","Demi terselenggaranya pemilu yang luber dan menjaga marwah demokrasi petugas sampai rela datang ke pasien covid 19"
"0","Orang yang sehat aja belum tentu peduli ama pemilu lahh ini orang positif covid di bela2 di suruh nyobolos Indonesia"
"1","Penyelenggara pemilu harus tegas Pilkada jangan sampe ajang penularan covid 19 Paslon Abai"
"0","Aku dan kluarga bakal golput taun ini fix abis pemilu pasti bkl naik lg angkanya sing susah siapa "
"0","LO PIKIR ORANG KENA COVID BAKAL SEMPET PEDULI SM PEMILU HAH"
"1","Ini keputusan yang sangat sulit untuk ditunda tetapi kami ingin memastikan keselamatan publik dan kesel"
"0","Pada Pemilu Singapura bulan Juli yg lalu pasien Covid amp seluruh kontak eratnya yg masih dikarantina"
"1","yah karena jmlhnya bnyk dan mereka punya hak pilih trus mo gimana ga disuruh milih"
"0","pasien covid masih disuruh ikut pemilu ampun deh ini program pemerataan penyakit bener2 niat banget"
"0","tau ga kenyataan yang disuruh masuk keliling bawa kotak pemilu ketemu pasien covid ntar siapa perawat kalo ga helpernya hehe"
"0","Jikalau simulasi pembelajaran tatap muka sekolah saja banyak cluster baru apakah dengan adanya pemilu menjamamin aman"
"0","emang dulu sebelum covid kalau ada pemilu juga didatengin tah orang2 di rs buat nyoblos"
"0","Malaysia tunda pemilu karena covid 19"
"0","Hak pilih dipikirin hak untuk sehat dan negara terbebas dari covid kaya ga dipikirin "
"0","Pasien isolasi covid aja ga boleh ketemu sama keluarganya harus videocall lah ini malah mau ditemuin panitia pilkada"
"0","jika proses ini berbahaya menularkan KPU perlu ikut rekomendasi otoritas kesehatan"
"0","Jelang Pilkada Serentak 2020 pada 9 Desember sebanyak 3 pengawas TPS dan 14 petugas KPPS di Gunung Kidul ditemukan CO positif"
"0","3 ujian besar beruntun bangsa Indonesia dalam waktu dekat 1 Pilkada 2 Libur akhir tahun 3 Tatap muka sekolah Semua"
"0","Lha pilkada masih lanjut gitu kasus covid nomer kesikian lah padahal klo pemilu banyak massa"
"0","Gara2 pilkada bokap terindikasi gejala covid Padahal uda selalu bermasker Circle covid gue uda sampe keluarga"
"0","Tetangga sebelah rumah dirawat krn covid amp ga boleh sedetikpun didatangin keluarganya Tapi demi pilkada ada izin"
"1","Mari kita wujudkan dan sukses Pilkada serentak 2020 dengan Aman damai dan sehat"
"1","Mari wujudkan Pilkada tahun 2020 di Kabupaten Lamongan aman damai sejuk sehat dan selamat Aman"
"0","Apabila saya ikut pilkada tertular Covid dan amit amit meninggal apakah pemerintah akan memberikan kompensasi"
"1","Ayo kita sukseskan Pilkada dan cegah covid dengan taat Prokes DisiplinTerapkan3M"
"1","Debat Paslon Pilkada Solo Gibran akan Tangani Covid 19 Pakai Teknologi Mutakhir"
"0","Hasil Swab Test 5 Petugas Pilkada 2020 Kabupaten Ngawi Dinyatakan Positif COVID 19"
"0","Jelang Pilkada Serentak 2020 pada 9 Desember sebanyak 3 pengawas TPS dan 14 petugas KPPS di Gunung Kidul ditemukan CO positif"
"1","Pakai aturan pilkada Pasti aman Covid saja tunduk"
"0","Covid pertama akan meledak diatas 10rb kasus perhari Setelah pilkada serentak Nakes kewalahan"
"0","waah bisa gawat muncul kluster baru akan terjadi karena tidak siap dengan prokes covid 19 "
"0","Tgl 9 pilkada anjrot Di malaysia covid meingkat tajam gara gara ada pilkada jg Jd parno"
"1","Jokowi Pilkada 2020 Dapat Diundur Jika Corona Belum Usai Desember"
"0","Gak khawatir kan ada Pilkada Corona pasti pergi"
"0","Corona gak pernah milih2 lho klo mau nyerang"
"0","Pilkada datang Corona Hilang"
"1","Pilih Sesuai Hati Nurani Polri Siap Kawal Pilkada 2020 Tetap Patuhi Protokol Kesehatan Mari Putus Mata Rantai Penularan corona"
"1","Alat tempur mencegah corona datang di masa Pilkada"
"0","Waktu pemilu 2019 gaada korona aja petugas KPS yg meninggal ada 894 orang apalagi pilkada skrg bodoamat lah gue"
"1","Pilkada dilindung UU Corona gak akan nular"
"0","PSBB tingkat lanjut Pilkada jelas lanjut lah Corona bukan lagi virus tapi orang yang ngatur peraturan"
"0","Serius ini corona masih ada tapi pemerintah maksain pilkada"
"0","Guys gimana caranya ya biar mak bapakku gak ikut pilkada Masalahnya nih ya CALON DI KABUPATEN CUMA SATU NJIR"
"0","Virus Corona tahu diri dia tidak akan menulari Pilkada Serentak"
"0","Lah Pilkada kan bisa berhubungan dengan Korona katanya gmn sih"
"0","dan sebentar lagi ada pilkada corona by like"
"0","Kabareskrim Polri menyebut kenaikan kasus Korona dampak dari demo omnibus kampanye Pilkada hingga kerumunan Habib Rizieq"
"0","Kaleum beres pilkada jol leungit dengan sendirinya gera corona mah"
"0","kok klen heran lagi mendesak korona begini tetep wajib milih pilkada kan dulu juga 2013 banyak tu warga yang wafat"
"1","Alhamdulillah 270 titik pilkada sudah selesai Luar biasa rakyat Indonesia melaluinya dengan baik "
"1","Tidak hanya KPU tapi peran peserta dan pemilih juga sangat penting untuk menyukseskan pilkada serentak 2020"
"1","Sukseskan Pilkada 2020 Bantu Indonesia lawan corona dengan selalu menerapkan 3M saat beraktifitas diluar rumah "
"1","Sukseskan Pilkada 2020 Kita perangi corona dengan senjata andalan kita 3M mencuci tangan memakai masker dan menjaga jarak "
"1","Pilkada 2020 adalah momentum penting untuk melanjutkan pemerintahan walau ada tekanan baik secara ekonomi maupun dari pandemi Covid 19 "
"1","pilkada serentak 2020 dalam kondisi pandemi Corona para paslon ayo ikuti protokol kesehatan Covid19 dan menjadi contoh baik"
"1","Tahapan pemilihan serentak akan diadakan pada 9 Desember 2020 Jangan lupa tetap memperhatikan protokol kesehatan ya"
"1","Sukseskan Pilkada thn 2020 yakinlah Indonesia akan bebas Corona jika kita taati protokol kesehatan dan terapkan 3M"
"1","Tetap memilih dalam lindungan protokol kesehatan Yuk gunakan hak pilih dalam Pilkada Serentak 2020 "
"1","Idham Azis menerbitkan Maklumat terkait dgn kepatuhan terhadap protokol pencegahan corona dlm melaksanakan Pilkada Serentak 2020 "
"0","Omnibus law kalo ga ditolak buruh sengsara alam ancur ancuran Pilkada cuma ajang cawe cawe bangsa"
"0","Walaupun tengah dalam situasi pandemi pilkada harus tetap berjalan demokrasi mesti bergerak kata orang berjas"
"1","Gelar Doa Bersama Agar Pilkada Sidoarjo Lancar dan Aman dari Covid 19"
"1","Panitia pilkada aman aman saja"
"1","Sebagai warganegara yg baik kita harus dukung dengan Sepenuh Hati agar pilkada 2020 nanti lancar sesuai dengan Aturan yg berlaku "
"0","Yg gw tunggu sikap PSI menolak dilaksanakannya Pilkada krn pandemi covid 19"
"0","Karut Marut Jelang Pemungutan Suara Pilkada Masa Pandemi Pilkada2020"
"0","Udahlah pak kalau ditunda dulu aja kenapa"
"0","Mau mengharapkan apa dari pemerintah yg tetap ngadain pilkada dan ngebolehin massa ormas di kala pandemi serta motong hak cuti bersama"
"0","Pilkada 2020 dimasa pandemi bukan lagi hajatan rakyat melainkan menuruti ego penguasa Anda peduli dgn nyawa rakyat"
"1","Ditengah Pandemi Covid 19 Marilah tetap laksanakan Protokol kesehatan menuju Pilkada Kab Boyolali yang aman "
"1","mengingatkan bahwa Pilkada kali ini akan menentukan arah ketahanan kesehatan dan pemulihan daerah akibat pandemi"
"1","Halo TemanPemilih setiap nyawa kalian sangat berarti"
"0","Pilkada di Tengah Pandemi Demi Demokrasi Siap Mati "
"0","Pilkada di tengah situasi pandemi ini diperkirakan membuat proporsi suara golput meningkat"
"0","Tolong gunakan Hak Prerogatif anda utk pelayanan Pilkada 2020 Resiko dicaci oleh pihak yg kekeh"
"0","Politisi Berpesta di Pilkada Rakyat Mati Karena Pandemi lewat"
"0","lagi denger wakil gubernur Jabar ngomongin gimana pilkada pas pandemi ini Ya Allah riweuuuuh"
"0","Tak kira yang pengen Pilkada cuma Pak Jokowi bos ternyata banyak yang semangat Pilkada di masa pandemi okee"
"1","Ditengah Pandemi Covid 19 Pilkada 2020 Tetap Patuhi Prokes 3M Guna Mencegah Klaster Baru Covid 19"
"1","Ayo Gunakan Hak Pilih Anda Rabu 9 Desember 2020 Patuhi Prokes Cegah Covid19"
"1","Pilkada lancar aman sehat penyelenggara Pilkada memberikan rasa aman dan taat prokes Disiplin Terapkan 3M"
"1","Ayo kita sukseskan Pilkada dan cegah covid dengan taat Prokes "
"0","waah bisa gawat muncul kluster baru akan terjadi karena tidak siap dengan prokes covid 19"
"0","Kasus naik PSBB lagi cenah dan serba dasar lagi tapi pilkada jalan terus dan katanya lagi isolasi bakal disampingkan"
"0","Yg dimasalahin bukan pilkadanya Tapi bikin kerumunan Mau pilkada pilkadal atau pilpil yg laen asal jgn malah jadi masalah"
"1","Mari guys ta ati selalu prokes dalam pelaksanaan Pilkada 2020 "
"1","Pilkada lancaaarr kesehatan Anda terjaga Tapi ada usaha patuhi 3M prokes"
"1","Ayo guys Sukses kan Pilkada serentak 2020 dan ta ati selalu prokes "
"0","Fakta sudah menjawabnya adanya pilkada justru memperparah persebaran Covid 19 Padahal para pakar sudah memprediksi"
"0","Colek Dampak Kasus Pilkada Kasus Corona Hari Ini Meroket Bertambah 6 033 Kasus Positif Baru Jumlah pasien terkonfirmasi"
"0","Tempat paling parah adalah ditemukannya petugas KPPS yang terjangkit COVID 19 tapi tetap datang ke TPS "
"0","Potensi Picu Kerumunan Satgas COVID 19 Larang Massa Rayakan Hasil Hitung Cepat Pilkada 2020"
"1","Terimakasih Kepada Seluruh Masyarakat Jawa Timur yang telah Berpartisipasi dan turut menjaga Pilkada Serentak 2020"
"0","Protokol kesehatan pada hari pencoblosan Pilkada 2020 tidak maksimal Ada TPS yang tak menyediakan bilik khusus"
"1","Tetap memilih dalam lindungan protokol kesehatan Yuk gunakan hak pilih dalam Pilkada Serentak 2020"
"0","Hari Pemungutan Suara Pilkada Serentak 2020 KPU 79 Ribu Petugas KPPS Reaktif Corona"
"0","Risiko Tertular Virus Corona Dengan Ikut Mencoblos Pilkada 2020 INDONESIA"
"1","Tradisi tinta celup itu kini berubah wajah saat Pilkada Serentak 2020 yang digelar di masa pandemi virus Corona"
"0","PIlkada Serentak 2020 di Tengah Pandemi Corona KPU Partisipasi Pemilih Cenderung Turun"
"0","Usai Pencoblosan Pemerintah Minta Satgas Waspadai Kerumunan pada Tahapan Pilkada Selanjutnya"
"0","Hari Pemungutan Suara Pilkada Serentak 2020 KPU 79 Ribu Petugas KPPS Reaktif Corona terima kasih pak jokowi"
"1","Warga Kota Batam yang tengah menjalani perawatan dan isolasi di RS karena COVID 19 bersyukur masih bisa menggunakan hak pilih"
"1","Hebat ga ada klaster corona pilkada"
"1","Dampak Corona bareng pilkada suwe ga tau ketemu arep ketemu enek tendo biru"
"1","Semoga petugas KPPS yang positif Corona cepat sembuh baktimu luar biasa"
"1","Rangkaian pilkada terlindung undang undang Corona menentukan syarat begitu"
"1","Mengingat pilkada masih belum selesai tim Satgas Covid 19 berharap kepada semua pihak untuk tidak lengah dan luput dari proker"
"0","tapi korona ga liat itu pilkada sih gmn dong"
"0","Korona membatasi ibadah pekerjaan usaha dan pembelajaran tapi tidak dengan pilkada Kenapa Karena corona nggak"
"0","Sebenernya sayang sih tahun ini memilih untuk golputtt YA KALI CORONA BEGINI MAU IKUT PILKADA"
"0","Viral surat suara Pilwalkot Samarinda Kalimantan Timur Kaltim ditambahi dengan kertas menyinggung pilkada digelar saat pandemi"
"0","Corona alis 19 menghilang menghilang seraya dtgnya bulan Pilkada serentak"
"0","Pantes kemaren corona gaada ternyata lagi ada Pilkada"
"0","Setelah pilkada lihat gimana si corona langsung melunjak atau menanjak terus seperti biasanya krn kmrn pd ribut pilkada"
"0","Corona takut sama UU pilkada"
"0","Kalo pilkada bebas corona libur juga mungkin merah mah bebas"
"1","Banyak pihak yang senang dengan tingkat antusiasme masyarakat saat pilkada tahun ini walaupun Indonesia msih ditengah pandemi"
"0","keuntungan pilkada dan pil pil lainnya di pandemi apa dah corona blm kelar negara malah produksi rompi oren"
"0","Apa kabarnya ID yang adain Pilkada besar2an di tengah pandemi corona ini Sampe mati2an cari suara orang positive cov"
"0","Mohon maaf Corona tidak menyerang Pilkada"
"0","Korona menangis terharu melihat kampanye pilkada kampanye ini"
"1","Alhamdulillah secara umum Pilkada berjalan lancar dan aman namun kita tidak boleh menutup mata selama proses berlangsung"
"1","Dengan berakhirnya pilkada maka berakhirlah juga masa kontrak Corona di negeri ini Wassalam"
"0","Di Jerman pemimpinnya minta maaf atas 590 kematian per hari akibat Corona Di Indonesia Pilkada booos Klean mo mati juga"
"1","Tingkat nyata protokol kesehatan bukan isapan jempol Masyarakat sudah mengerti dan mengerti prokes"
"0","Coba tanya ke mentri ini om kalau terkait pilkada bisa tekan laju penyebaran korona gak"
"0","1 Resesi 2 Korupsi 3 Bunuh 6 Warga Negara 4 Oligarki 5 Pilkada Dinasti 6 Pandemi Semua dilakukan hanya sekedar mempertahanankan itu"
"1","Penyelenggaraan Pilkada Langsung yg cukup sukses di tengah situasi Wabah Pandemi di Indonesia walaupun kontroversi"
"0","Pilkada serentak di 270 daerah pada 9 Desember ini menghadapi tantangan sendiri karena digelar di era pandemi "
"0","Pilkada 2020 ditengah pandemi tetap berlangsung Pilkada 2022 Tunda saja ke 2024 Agar Anies diganti PLT Pecundang"
"0","Goesti ada pilkada serentak tetap di jalankan padahal lagi pandemi tapi uas tugas presentasi tetep jalannnnnnnn"
"0","Ada Pilkada serentak tetap di jalan kan padahl lagi pandemi tapi sekolah rumah ibadah ttp ditutup"
"0","Yang boomer maksa pilkada yang z millenial live music di kafe Kompak emang satu negara abai pandemi"
"0","Bang request donk theme nya buat minggu depan judulnya KERUMUNAN IBHRS VS PILKADA Dengan Narasu"
"1","Indonesia menjadi bangsa di segani dunia Indonesia bisa melaksanakan proses demokrasi lokal di tengah pandemi Covid 19"
"1","Bawaslu RI Sosialiasi Masif Pilkada Serentak 2020 Aman di Tengah Pandemi"
"1","Pilkada di tengah pandemi Covid 19 pakar tetap khawatirkan soal klaster baru Mahfud klaim tidak terjadi apa apa "
"0","Gara2 pandemi orang2 jadi lupa kalau pilkada itu nyoblos bukan bikin coretan Hmmm"
"0","Selain produk legislasi permasalahan lain seperti praktik korupsi HAM dan penyelenggaraan pilkada di tengah pandemi"
"0","Luarbiasa ya utk pengalihan isu vaksin pilkada kegagalan ngurus pandemi Covid 19 utang segunung"
"0","Selain alasan pandemi COVID 19 KPU Solo juga mengeluhkan koordinasi dengan rumah sakit yang kurang lancar soal angka partisipasi"
"0","Jujur risih sama keputusan pilkada kemarin yg diforsir pas pandemi lagi Tapi bagai sinar parah di tengah kegelapan"
"0","Dosa pemerintah Korupsi bansos lobster pilkada di tengah pandemi Dosa FPI Imam besar langgar prokes penyerang"
"0","Di tengah bayang bayang terciptanya klaster baru pandemi pilkada serentak 2020 menunjukkan satu hal dinasti politik masih ada"
"1","Tahun ini menjadi tahun pertama pilkada di tengah pandemi Corona semoga acaranya berjalan lancar"
"1","Pilkada 2020 telah terlaksana dgn sukses apresiasi yg sebesar besarnya kepada TNI POLRI sehingga pilkada aman "
"1","Pilkada sukses warga sehat"
"0","Pilkada 2020 Pandemi Golput dan Munculnya Dinasti Politik Baru"
"1","itu yg blg golput krna muak apa udah nanya satu satu Positif thinking ini pilkada di masa pandemi"
"0","Menurut saya sangat tidak bijak menjalan pilkada dengan sistem yang masih manual dan pada masa pandemi seperti ini"
"0","Hari ini golput karena 1 Pandemi 2 Gak mau nambahin suara Pak Mahyeldi"
"0","saya golput dan saya masih makan dari hasil orang tua saya karna pandemi saya gak dapet kerja BAJINGAN wkwkwkwkw"
"0","Kemungkinan dampak buruk pilkada serentak di tengah pandemi menurunnya kepercayaan masyarakat terhadap pemerintah "
"1","Meski adanya pandemi Covid 19 hal ini tidak dapat dijadikan oleh kami menciptakan milenial sebagai alasan golput"
"0","alasan golput harus jado lebih gede pandemi tapi pesta pilkada jalan terosh"
"1","Sukses Pilkada serentak Indonesia Rabu 9 Desember 2020"
"1","Selamat dan Sukses Pilkada Serentak Rabu 9 Desember 2020 Coblos pemimpin yang bersama melayani rakyat"
"1","Pilkada berlangsung sukses Pilkada yang dikhawatirkan jadi klaster baru Covid tidak terbukti bravoo"
"0","Untuk pertama kalinya golput di pilkada tahun ini bukan ngak mau milih tapi lebih milih diem di rumah takut kena corona"
"0","GOLPUT yg tinggi di masa pandemi Bentuk protes masyarakat Apakah KPU tidak menilai itu Ini masih pandemi larangan"
"0","Tiba kepikiran kalo golput kan katanya haram Tapi kalo golput pas pandemi hukumnya gimana ya"
"0","Hak pilih saat pandemi Atau Hak untuk tetep sehat dan tetap hidup Golput adalah jalan ninjaku"
"1","Kenapa harus golput pas pandemi doang ehhh"
"0","Gaada ya golput seprovinsi krn lg pandemi"
"0","Golput adalah pilihan disaat pemilu tetap diadakan saat pandemi tapi sekolah ditiadakan"
"1","Seharusnya yah pandemi begini harus bisa berinovasi bikin coblos online per nik ktp beres kann golput si"
"0","Gue golput tahun ini krn pandemi takut"
"1","Dukung pilkada 2020 dan gunakan hak pilih untuk memilih pemimpin yang bisa memberikan gebrakan dalam mengatasi covid19"
"1","Dukung Pilkada Damai 2020 Ayo Stop Sebarkan Berita Hoax atau akan berhadapan dengan hukum"
"1","Ayo dukung pilkada sehat Pilih calon yang benar dan junjung tinggi kejujuran"
"1","Beda pilihan bole mar tu kerukunan jang sampe mo rusak ne Manjo torang samua dukung PILKADA 2020 Aman Tentram deng Damai"
"1","Nggak Khawatir Datang ke TPS Saat Pandemi Ayu Ting Ting Tak Mau Golput"
"1","Pemilu di era pandemi mengakibatkan banyak pro dan kontra mengikuti pemilu merupakan bentuk partisipa"
"0","Pilkada 2020 yang digelar di tengah pandemi Covid 19 ramai di bicarakan orang dan banyak yang tidak setuju"
"0","Golput ya Pandemi ya"
"0","Pandemi mending ora nyoblos bukan GOLPUT"
"1","Harusnya sih jumlah golput berkurang yah di tiap daerah soalnya kan semenjak pandemi banyak yg balik dri perantauan"
"0","pilkada dimasa pandemi seperti ini banyak warga yang khawatir amp takut risiko penularan Covid 19"
"0","golput Ya krn 95 cm untuk kepentingan elit doang HAHAHA ditengah pandemi pula tamak amat sm kekuasaan"
"0","Terjadinya Covid19 ini membuat situasi pilkada tidak sama seperti biasanya Hal ini mempesulit keadaan"
"0","pemilu2020 ini memang bukan hal yang mudah terutama karena pandemi COVID19 amp cuaca hujan rintik rinti"
"0","Pilkada Serentak 2020 saat Pandemi Diwarnai Keriuhan Golput dari Netizen pakaimasker"
"1","Dino iki gak sido Golput cuman amergo penasaran selebay apa pemilu masa pandemi ternyata ya gak seheboh yg dikabarkan"
"1","Mau pandemi atau tidak itu alasan alasan untuk golput karena golput mengartikan bahwa kita tak peduli"
"0","Iya bertahan dirumah untuk saat pandemi adalah Pilihan terbaik lun Hahahahahhaha setuju kalo nggak ya"
"0","iya kaa ak juga klo ga pandemi golput kayanya gangerti soalnya"
"1","Mari Dukung Pilkada Serentak 2020 Aman dan Damai Dengan Tidak Menebar Berita Hoax dan Isu Sara"
"1","Gunakan hak suaranya untuk memilih dengan hati Mari kita dukung Pilkada 2020 dengan Jujur untuk Pilkada Bermartabat"
"1","Generasi Milenial Smart People Anti Hoax Siap Dukung Pelaksanaan Pilkada 2020 Kabupaten Malang Yang Aman Dan Damai"
"0","Temen saya yang juga siswa terjebak pandemi di Solo golput Hal itu karena ongkos pulang dan amplop sera"
"0","Bgusss Golput adalah jalan untk mengecam tetap diadakannya pilkada di masa pandemi"
"0","Golput golput karena ga setuju sama pilkada di saat pandemi tapinya jalan jalan Kintil"
"1","golput bukan pilihan tepat pilkada harus dilakukan dan kita wajib memilih meskipun di tengah pandemi"
"1","Pada saat pandemi tidak ada alasan menciptakan milenial untuk golput oleh karena itu kita sebagai generas"
"0","Sebenarnya golput ga pengen tapi sekarang golput karena bentuk perubahan pilkada di tengah pandemi"
"1","Sebenernya menyayangkan kenapa harus ada Pilkada saat pandemi masih kenceng nya Tapi ya gimana ga boleh golput "
"0","Maaf gua golput laki laki jauh ke SBY buat coblos mana ga paham juga sama calon nya mana lg pandemi wkwkw"
"1","Dengan pilkada saat pandemi cakada berlomba lomba bagikan masker dan hand sanitizer"
"1","Pilkada saat pandemi ini bikin para calon bisa sosialisasi gaya hidup sehat"
"1","Pilkada dalam pandemi boleh buktinya kasus corona menurun"
"1","Cakada yang belum menaati tata cara antisipasi virus corona mesti ditindak sesuai ketentuan yang berlaku"
"1","Ketaatan prokes selama pilkada ini sudah lebih baik ketimbang tahapan sebelumnya"
"0","ngapain si pilkada masa pandemi begini tunggu aja tuh klastes coblosan kan bisa dibkin coblosan online Golput"
"0","Aliansi aktivis lagi gaungin kampanye golput sangking kecewanya sama pemerintah yang memerintah oligarki Maaf kawan"
"0","Kayaknya golput pilkada tahun ini meningkat tajam Bisa karena gt masih pandemi gt paslon yg ga menarik gt petahanan"
"0","Golput Gank No Vote You Have Im Choose Sleeping Realistis sekaligus Hopeless Masih Pandemi tetap di"
"1","Pencoblosan Pilkada serentak 2020 di tengah Pandemi COVID 19 jangan Golput 09 Desember 2020 mari sama sama"
"0","oh ya semua terserang pandemi kecuali pemilu terserah kamu mau ikut atau tidak di dalamnya bajingan"
"1","Jangan golput di pilkada gara gara khawatir terpapar corona"
"1","Prokes tetep jalan Jangan lupa lebih baik bawa bolpen sendiri dari rumah Corona bukan alasan untuk golput"
"1","Dari pada golput takut corona mending di berangkat taati prokes"
"0","Hari ini saya golput dan merasa sangat bangga karena sudah mencegah penularan virus corona"
"1","Aku yg biasa cuma nyoblos doang trs pulang tbtb dikasi mandat jadi ketua kpps pilkada karena sering di kelurahan "
"1","Ini sebagai wujud keseriusan pemerintah dalam hal pencegahan penularan Covid 19 paslon abai prokes dipidana"
"1","kpu purbalingga perkuat protokol kesehatan dalam sosialisasi pilkada"
"1","Ayok jangan lupa datang ke TPS pagi ini Pilihan kalian hari ini menentukan siapa preman dan mafia "
"0","Bayangkan 1 172 Petugas KPPS Positif Corona BERBAUR ditengah2 msyrkt bahkan ada TPS tdk sediakan bilik khusus amp cuci"
"0","Pen gua coblos pala kpu nya saat pandemi bisa2nya ada pilkada"
"1","Kita beloman pake e vote meski selama pandemi banyak gawe yang jadi a la elektronik karena rentan kecurangan"
"0","Pandemi kea gini himbauannya dirumah tapi kenapa di suruh coblos"
"1","SAH Nekat coblos saat pandemi"
"0","Aku ga ikut coblos Sebagai bentuk menolak pilkada dimasa pandemi "
"1","Cara nyoblos disaat Pandemi 1 Datang ke TPS dg ttp menerapkan protokol kesehatan 2 Bawa alat tulis sendiri 3 "
"1","Dilakukan sbgai warga yg baik ttp memilh dgn coblos semua paslonnya walaupun sebagus gimn penanganya di tgh pandemi utk"
"0","Demo uupks ga didenger Demo omnibuslaw ga didenger ditengah pandemi gini orang masih suruh coblos Your voice "
"0","Sumpah nih aku gak ngerti besok itu kayak gimana alur pilkadanya di tengah pandemi gini Maaf aku kudet banget soal"
"0","Sejak umur cukup selalu berusaha untuk ikut pemilu Entah coblos salah satu atau coblos semua Tapi kali ini golput"
"0","kelin Kebijakan Presiden tentang PILKADA di saat Pandemi perlu diwaspadai bahkan adanya TEMPO yg"
"1","Tebakan saya sih tidak ada cluster Pilkada"
"0","2 minggu lg hasil dari cluster pilkada dan open house"
"0","Cluster pilkada pun tak diaku biarlah itu tak penting Kebenaran akan mencari jalannya sendiri"
"1","Jika Pilkada sukses sehat demokratis dan aman Covid 19 tentu saja bangsa kita akan menekanpenyebaran Covid 19 dan ekonomi segerah pulih"
"1","Sukses untuk Pilkada serentak hari ini Siapapun yang terpilih mereka adalah Putra terbaik yang dipercayakan untuk memimpin selama 5 tahun "
"1","ayo wujudkan Pilkada Sehat Taati 3M agar Indonesia tak hanya sukses soal Pilkada tetapi sukses menanggulangi penyebaran Covid 19"
"0","Nunggu update cluster Pilkada selanjutnya"
"0","lbh lanjut menjelaskan dg bakalan berlangsungnya Pilkada serentak jngn sampek timbul cluster baru Covid"
"0","Selamat datang cluster baru Covid 19 jalur pilkada"
"0","Liat berita di tv tentang kerumunan karena pilkada kemaren kok ngeri ya takut ada cluster baru"
"1","Yg penting jangan ada cluster baru PILKADA parai pemenangnys dah itu saja "
"0","sya bharap Pilkada serentak 9 Desember mendatang bs berjalan lancar serta menimbulkan cluster baru"
"1","Harus ucapin apa ya Dan siapa yg harus membayar polisi di cluster pilkada ini Ga mgkin mendagri kan"
"1","Semangat pit stay safe yaa pit takut ada cluster pilkada"
"0","Selesai cluster petamburan bandara n tebet 2 minggu lagi cluster pilkada muncul Kemudian cluster tahun baru"
"0","Siap2 2 minggu ke depan ada cluster pilkada"
"0","kalau ada cluster kopit baru lg gara gara pilkada gue udah ngga kaget sih"
"0","Wah ini kayanya bakal ada cluster baru pasca pilkada Ngeri"
"0","Hanya kerumunan Pilkada yang tidak mungkin jadi cluster begitu kan"
"1","Perjuangan Doakan perang pilkada tidak membawa petaka bagi para pemilihnya "
"0","Bakalan ada cluster Pilkada Euforia kemenangan bakal lebih rawan sih Ada yang gak ke TPS karena takut Covid 19"
"0","utg ku golput tadi gara kesiangan segera hadir cluster pilkada"
"1","Pemerintah dan KPU Perlu Tinjau Kembali Pilkada Jadi atau Tunda"
"1","Alhamdulillah di TPS saya mematuhi protokol kesehatan dan seharusnya kaum Milenial harus ikut serta pilkada"
"1","Walaupun memang kepemimpinan masih buram di mataku Bagiku lebih baik jangan golput di pilkada"
"1","Salah satu artis yang tidak akan melewatkan hari Pilkada 2020 adalah Ayu Ting Ting"
"1","meskipun saat ini pandemi tidak ada alasan pada generasi milenial untuk golput "
"1","Selamat memilih calon kepala daerah kalian jangan mau golput meskipun lagi pandemi"
"1","Suksesnya pilkada itu harus ada dukungan dari semua pihak Jadi untuk cegah klaster baru semua pihak harus mengikuti protokol"
"1","Dangdut Anti Golput Meski Corona Ayu Ting Ting Nyoblos di Pilkada 2020"
"1","Corona gapapa yang penting ga golput yesshh"
"1","klo nanti beneran pilkada nyoblos takut corona golput takut disalahgunakan suarany ayo nyoblos"
"1","suara kalian dan saya cuman dibutuhin 5 tahun sekali di pilkada itupun dalam keadaan sakit pasti diusahakan dengan baik "
"0","Pilkada nyoblos sendiri Vaksin dicoblosin Tangan yang nyoblosin ini kalau sudah dpt 20 30 coblosan sudah goyang"
"0","Ditinggal Suami Nyoblos Pilkada Istri Gorok Tiga Anaknya"
"1","Mau nyoblos dulu ahh Wakakk Mumpung pilkada serentak"
"1","Yang habis pilkada kan nyoblos tuh Nah kertasnya di semprot hand sanitizer engga sih Apa pas nyoblos orangnya pada"
"1","Sumoah hal gituan ga lucu woy pilkada tuh kan hal serius kl gamau nyoblos yauda gausa"
"1","Heran sama orang yg dateng ke tps bukan buat nyoblos tapi malah nulis ttg pilkada ditengah korona yang bikin suaran"
"1","Tingkat Kesadaran Masyarakat Nyoblos Tinggi KPU Atur Jam Kedatangan Pilkada Berjalan Lancar dn tertib alhamdulillah"
"1","Dengan protokol kesehatan yang ketat semoga tidak terjadi lonjakan Covid 19 Apresiasi kepada penyelenggara pilkada"
"1","Yuk besok datang ke TPS dan gunakan hak pilihmu Jangan lupa untuk selalu patuhi protokol kesehatan selama gelaran Pilkada"
"0","Gila gue stress sampe entah udah sakit berapa kali sepanjang pandemi dan orang orang seenaknya aje nongkrong sana"
"1","Pilkada tanggal 9 masak tanggal 10 udah koar ttg klaster Covid 19 Inkubasinya aja 14 hari Sesudah"
"1","PILKADA 2020 kali berbeda dari sebelumnya Pasalnya Pilkada kali ini harus menerapkan protokol kesehatan"
"0","Setuju banyak golput saat ini lbh sikap protes ats dilaksanaknnya pilkada di saat pandemi"
"1","Tolong adek adek mahasiswa jangan demo masih pandemi Juga Negara Nyok ke TPS kita pilkada dulu pesta demokra"
"0","SELEBRASI PILKADA DI TENGAH PANDEMI TERSERAH LU DULU HASHTAG DIRUMAH AJA KEMARIN DISURUH JANGAN TAKUT KE TPS TERSERAH"
"1","Pastikan Pilkada Aman dan Disiplin Prokes Kapolda Keliling Cek TPS Prokes Pandemi"
"1","Ditengah masa pandemi covid 19 Disiplin protokol kesehatan dalam beraktifitas di TPS dengan melakukan guna mengu 3M"
"0","Ada warga yang datang ke TPS untuk mengkritisi pilkada2020 di tengah pandemi Covid 19 dengan menulis Pandemi Nekat"
"0","saya sangat nentang pilkada di tengah pandemi covid tp krn bener2 pengen ada perubahan"
"1","Melaksanakan Pilkada ditengah pandemi Covid 19 membuat para pelaksana Pilkada 2020 memperketat protokol kesehatan di tps"
"1","Seandainya kalo ga ada pandemi Saya lebih mengapresiasi orang yg berangkat ke TPS dengan surat tidak sah sama tidak datang"
"1","LAGI PANDEMI JANGAN TAKUT KE TPS"
"0","Kenapa masih harus dirumah kalo udah disuruh pergi ke tps Bilang aja kalo kasus pandemi meningkat tuh gara2 pilkada"
"1","AyoNyoblos ke Tps yaa Ingat Pilkada tetap waspada Tdk perlu ragu datang ke Tps Buktikan bhw kita mampu"
"1","nahh Nyoblos dong Ngajari si doi masuk TPS Doi pemilih pemula tahun ini Berkesan bgt pas ada pandemi lagi"
"1","No pic Hoax TPS tempat gw sesuai protokol kesehatan semua sekali pakai ga ada petugas sentuh Kita walaupun "
"1","Hari ini pencoblosan Sebelum ke TPS ayok linting sebatang Tembakau Soppeng dulu guys Tembakau Soppeng solusi saat Pandemi"
"0","ngapain bgt bela belain nyoblos lagi pandemi yg kepilih ujung2nya korup yg milih positif korona Btw gw ngomongin pemilu afrika tenggara"
"1","Bogor tdk ada pilkada serentak kak jadi aku gk nyoblos Tp aku salut sama org2 yg mau meluangkan waktunya"
"0","Menggunakan hak suara saat Pilkada 2020 ga harus nyoblos apalagi pada saat pandemi Mending pake VN kedengeran"
"1","nyoblos di masa pandemi warna tinta belum sampe sehari udah pudar banget saking seringnya cuci tangan"
"0","Tp emg takut jg sih pandemi begini disuru nyoblos"
"1","Pilkada udah lewat sekian jam masih pada marah2 soal pandemi Padahal kalau beneran takut covid ya gak usah nyoblos Susah amat"
"0","pemilu kali ini terasa berat krn pandemi semua aktifitas termasuk saya yg tdk bisa ikut nyoblos"
"0","Kayaknya baru kali ini ga nyoblos di pilkada atau Bener2 ga Dateng pemilu ke TPS dulu pernah golput juga cuma gue"
"1","habis nyoblos yuk besok kita ngobrol santai nggak santai peduli kesehatan terutama di era pandemi bersama"
"0","Ketika para perantau anak muda yang memiliki perubahan gak bisa balik utk ikut nyoblos karena pandemi corona padaha"
"0","Dimasa pandemi disuruh nyoblos dinasti politik kurang laki laki gimana cb"
"1","Apalagi sekarang orang sangat butuh uang pas pandemi jadi mereka bakal balas yang diberi suara mereka di tps"
"0","Rata rata orang yang nyoblos pas pandemi ini orang yang dapat duit dari calon kepala daerah soalnya dikit yang pada datang ke tps"
"1","Kirain yg dari kemaren ngedumel ttg pilkada di pandemi ini ga bakal ikut nyoblos ternyata nyoblos juga"
"1","BERBAGAI upaya dilakukan untuk mengajak warga menyukseskan Pilkada terlebih dahulu saat pandemi Covid19 saat ini"
"0","Ga terlalu ngikutin isu Pilkada 2020 ini Pertama karena pandemi kedua karena emang ga kebagian nyoblos Jatahku "
"1","Nyoblos dan Keselamatan Kesehatan Masyarakat Jadi Poin Penting Dipesta Demokrasi Ditengah Pandemi"
"0","Orang 1 Wooo dinasti mesti menang meneh ana bansos dinggo kampanye Orang 1 juga Ah lagi pandemi ora nyoblos wae ah"
"0","Keukeuh gak mau nyoblos dengan alasan pandemi paling kenceng teriak kontra sama pemerintah soal pelaksanaan Pilkad"
"0","Ya pasti ini kan ttp jalan saat pandemi karena perang org laki laki nyoblos dan mereka bisa jual suara dengan mudah He he he"
"1","Catat Begini Tata Cara Nyoblos Pilkada 2020 di Masa Pandemi Corona"
"0","Tips aman nyoblos saat pandemi gausah nyoblos gak aman"
"1","Meski agak2 gapaham sama konsep ada pilkada pas pandemi gini aku bersyukur karena adanya pilkada aku jadi "
"0","I tahun virus Corona masuk ke Indonesia Opsi Presiden DJOKOWIE PSBB gatot gagal total Dana Bansos Covid 19 di"
"1","Selamat milad Pimpinan KPU RI Arif Budiman Dalam kepemimpinannya bangsa ini berhasil menyelenggakan pilkada saat corona"
"1","Di kantor sudah mulai pendataan utk vaksin covid 19 Alhamdulillah Sidang sengketa pilkada udh mau beres"
"1","Pemerintah dan masyarakat sedang berjuang dalam pemulihan Ekonomi imbas Pandemi Covid Revisi UU PILKADA "
"1","Bawaslu Mulai Tegas Kampanye Pilkada Wajib Taati Protokol Kesehatan Pilkada 2020 Sukses "
"1","Waketum DPP PKB menegaskan Pilkada bagian demokrasi untuk mencari pemimpin terbaik"
"1","Pergi belanja ke pasar Aksara Beli cabe dengan andaliman Di pilkada nanti kita beri suara Paslon no 2 pasti jadi pilihan"
"1","Sahrul Gunawan akan ikut Pilkada lagi Sempat gagal sebelumnya kini Sahrul Gunawan lebih percaya diri "
"1","Tetap bersih dan sehat saat nyoblos Pilkada2020 AdaptasiKebiasaanBaru Pandemi"
"0","Musim pandemi ngene mas ndelok bal balan ae gak oleh Yo gak usah nyoblos pisan Ganok amplop e maneh Kok cik"
"1","banyak yg nyoblos hari ini saya laki laki keluar soalnya lagi pandemi"
"0","Sepi min Msh pandemi pada takut nyoblos"
"0","Mau ga ada pandemi juga ga bakal gue nyoblos hahaha"
"1","Dlu jga ngerasain kek gni tpi lagi pandemi jdi bisa nyoblos nnti psti bisaa kudu sabwarr"
"0","1 Calonnya tunggal 2 Calonnya petahana 3 Pandemi corona 4 Ada alasan lain untuk tidak nyoblos"
"1","Ngeledekin Pilkada serentak pas pandemi eh ikut nyoblos juga nih hari Bisa aje roda kulkas"
"0","anak2 kasian yang dimasa pandemi ini hari pertama kali nyoblos ndak merasakan sensasi menyelupkan jari ke tinta tapi malah ditetes"
"1","Pilkada di Masa Pandemi Paslon Terpilih Miliki Tanggung Jawab Moral Lebih Besar"
"0","Hari gini diajak ke TPS Namun ga punya paslon favorit Di luar hujan deras Pandemi pula Hidung pilek Perut laper"
"0","Pgn jadi WN yg baek dgn nyoblos tapiii org paslon nya siapa aj gw gatau terus gajelas jg lg pandemi ky gni"
"0","Pilwalkot 2020 ini bisa jadi kontestasi menjijikan Selain dipaksakan di tengah pandemi persaingan dua paslon di SBY ini gk masuk blas"
"0","Saya tahu saya tinggal di Jakarta tapi gak ada salahnya peringatan ke orang lain Daripada ke TPS ditengah pandemi"
"1","H 1 Pilkada ditengah pandemi tetap mematuhi protokol kesehatan bagi pemilih yang memakai masker gambar paslon"
"1","Adakah paslon yg mengundurkan diri krn tdk setuju pilkada ttp dilaksanakan saat pandemi sedang parah2nya kalo ada salut"
"0","Beginilah kalau Presiden Kapolri Mendagri dan BNPB melawak bersama soal aturan kerumunan pilkada Tragisnya DPR bukannya"
"0","Berlebihan Org sakit Covid 19 tetap dilayani unt gunakan hak politiknya Kalau tdk dilayani apa demokra"
"0","APA KAU JOKOWI MAU TANGGUNG JAWAB AKIBAT PILKADA NGOTOT JALAN TIDAK BOLEH DITUNDA INILAH BUKTI PILKADA TID"
"1","Pastikan Paslon punya Langkah tepat untuk atasi pandemi covid 19 Sukseskan Pilkada Damai 2020"
"1","Tiga Paslon Dukung Pilkada di Tengah Pandemi"
"0","Sangat tidak peduli tapi btw tps w milih sepi bgt asli orang pada takut milih karna corona"
"0","Yo maape wingi aku golput Awak dan lg panas adem Nak dikiro keno corona kan ribet urusane"
"1","pemerintah korona itu benar adanya kasus juga sedang naik kami harap kalian tetep stayhome juga pemerintah ayo nyoblos ayo jangan golput"
"1","Dukung Pilkada 2020 Agar Negara Lebih Fokus Menangani Covid 19 Indonesia Maju"
"1","KPU menyiapkan data pemilih pada Pemilu 2019 dan Pilkada 2020 untuk mendukung program vaksinasi Covid 19"
"1","Partisipasi Pilkada Pangandaran 2020 Tinggi Tanpa Klaster Covid 19"
"0","Makannya pilkada dlu covid baru bisa libur wkwkw"
"1","Pergelaran pesta demokrasi tahun 2024 harus aman dan terkendali termasuk jika pandemi masih ada"
"0","Pak Kiyai MarufAmin menyarankan Pilkada di tunda dan setuju Liga 1 berjalan Auto jadi wapres 2 periode "
"0","Negara peduli pada suaramu kalau suaramu berbentuk kertas pemilu saja Kalo bentuknya udah kertas pemilu mbok sampe ICU didatengin"
"0","Kayanya mau pemilu atau gak pemilu sama aja deh sama gak ada efeknya"
"1","Pilkada Telah Usai Danny Libatkan Dokter Fadli dalam Program Penanganan Covid 19"
"1","Ga terasa besok pilkada serentak jangan golput ya "
"1","Pilkada harus kita jaga agar aman damai sejuk jujur serta aman dari penularan covid 19"
"1","Jangan Golput pada Pilkada 2020 ini krn menentukan masa depan daerahnya"
"1","Yuk berikan suaramu di Pilkada Serentak 2020 Jangan Golput ya"
"1","para sedulur semua dimana saja anda berada Pilkada sudah di depan mata Mari kita rayakan pesta demokrasi dengan sukacita"
"1","Mari gunakan hak pilih kita jangan golput ya"
"1","Selamat Pilkada selamat pesta demokrasi selamat mencoblos bagi yang nyoblos"
"1","Jangan Golput yaaa Mari Kita sukseskan Pilkada Serentak Tahun 2020"
"1","Pasien Covid dan rawat inap tidak kehilangan hak pilih Berikan suaramu di Pilkada Serentak 2020 jangan golput"
"1","Dukung pilkada 2020 dan gunakan hak pilih untuk memilih pemimpin yang bisa memberikan gebrakan dalam mengatasi covid 19 "
"1","Selamat pagi Bagi siapapun yang akan berangkat untuk Pilkada selamat mencoblos ya"
"1","hari ini pilkada trenggalek berangkat ke TPS yuk mau menggunakan hak pilih"
"1","pantengin ternyata pada berangkat pilkada yak ikut ah"
"1","Partisipasi Pilkada Serentak 2020 Tinggi dan Aman Indonesia Diapresiasi Amerik"
"1","Pilkada aman taati protokol kesehatan Jangan lupa untuk memakai masker mencuci tangan dan menjaga jarak"
"1","ucapan terimakasih kepada pihak penyelenggara hingga tercipta pilkada yang aman damai dan kondusif"
"1","pilkada aman tetap disiplin protokol kesehatan Cekal covid "
"1","Pilkada aman semoga pemimpin terpilih amanah"
"1","Pilkada Aman Karena Tertib Protokol Kesehatan"
"1","Pilkada aman lancar dan tanpa hambatan"
"1","Pilkada aman dan lancar Kapolda Sumut diganjar penghargaan KPU"
"1","Sukses Menyelenggarakan Pilkada Bawaslu Temui Wabup"
"1","Kelancaran Pilkada Des 2020 terbukti karena sudah banyaknya Pemimpin Pemenang Pemilu yang telah dilantik"
"1","Selain dari partisipasi yg di atas target apresiasi diberikan karena pilkada berjalan aman meskipun di masa pandemi "
"1","Mamarika saja mengapresiasi mantap dan keren kan Pelaksanaan pilkada bangsa ini kemarin"
"1","Gubernur Jateng ganjar pranowo mengapresiasi keberhasilan pelaksanaan Pilkada Serentak 2020 yg berjalan lancar dan aman "
"1","Bismillah menjelang Pilkada 2020 pada 9 Desember mendatang sebagai warga negara yang baik kita perlu ikut mensukseskannya"
"1","Semoga Kader PKS atau Paslon Kepala Daerah yang di dukung oleh PKS bisa menang dalam Pilkada 2020 hari ini"
"1","Seleb pun dukung Pilkada yang sebentar lagi Jangan lupa tetap ingat 3M"
"1","Di pilkada nanti sy akan dukung sepenuhnya calon2 yg berani menggebuk HTI FPI 212 dan yg terafiliasi dgn mereka"
"1","Pilkada aman Terhindar dari tindakan anarkhis konflik sosial aman dari penyebaran Covid 19 "
"1","Penyelenggara Pilkada sudah siapkan lebih banyak TPS jadi tak perlu berdesakan antri semua terlayani dg tidak berkerumun"
"1","Di ajang pilkada pemenang sejati dan pihak paling sukses adalah tim sukses"
"1","Gue dukung banget Pilkada serentak kan asiiik bisa libur barengan"
"1","Suaramu adalah hakmu dalam memilih tapi protokol kesehatan itu adalah kewajiban bagi semua orang di Indonesia Yuk kita dukung Pilkada 2020 "
"1","Jangan golput klen yah Ayo dong dukung pilkada era covid ini dengan meriah"
"1","dukung pilkada Krn suksesi kepemimpinan itu mendesak lalu challenge bg daerah untuk tingkatkan penerapan prokes "
"1","Ayookkk gaesss kita dukung proses perekaman E KTP menuju pilkada kota semarang 2020 yg tertib"
"1","Lanjutkan Pilkada serentak pada bulan Desember tgl 9 mendatang jgn ditunda apa bila ditunda maka covid 19 akan lebih parah "
"1","Lanjutkan Pilkada kampanye pindah online nyoblos juga online aja"
"1","Prokes adalah prioritas pilkada dpt dilaksanakan dlm kerangka protokoler kesehatan yang ketat "
"1","Mendagri mengemukakan suksesnya pilkada 2020 sangat bergantung pada kepatuhan masarakat menerapkan prokes"
"1","Lanjutkan Pilkada 2020 sudah ditengah jalan kok minta ditunda Lanjutkan"
"1","Satgas Covid 19 Kepatuhan Prokes di Pilkada Tertinggi 96 Persen "
"1","Tentunya tetap menerapkan Prokes Pilkada aman dan damai"
"1","Yuk siap2 menentukan Pilkada hari ini yakinkan diri bahwa pilihanmu org yg tepat menjadi Pemimpin"
"1","Pilkada sdh dekat prokes harus ketat"
"1","Selamat Pagi Selamat menyoblos bagi sahabat yg ikut pilkada Jgn lupa menerapkan prokes dan 3M"
"1","Untuk menghindari kluster pilkada diharapkan tetap mematuhi Prokes mencuci tangan memakai masker dan menjaga jarak"
"1","Wakil Ketua MPR RI Fadel Muhammad menyatakan bahwa Pilkada 2020 itu berjalan normal meski di tengah Covid 19 "
"1","Kapolri tegaskan netralitas polri pada pilkada serentak 2020"
"1","selalu mengedepankan kampanye sehat berantas covid 19 di pikada"
"1","Mari ikuti terus mengawal proses peningkatan disiplin protokol kesehatan di daerah Pilkada"
"1","Pandemi Covid 19 tak membuat tahapan Pilkada terganggu semua petugas Pilkada menaati protokol kesehatan cegah Covid 19"
"1","Patuhi protokol kesehatan seperti saat kamu mengikuti pilkada kemarin ya jngan bandel bandel lagi"
"1","Kerja keras dari semua pihak diharapkan tidak kendor tidak berhenti untuk sukseskan pilkada"
"1","Pilkada ini menjadi momentum untuk Indonesia Bangkit sebagai negara maju di dunia"
"1","Kesuksesan dari pilkada serentak 2020 yang aman covid19 juga berawal dari kerja keras dari seluruh pihak"
"1","jangan Lupa 9 Des datang ke TPS untuk pilkada menjemput takdir perubahan Depok"
"1","Tahapan Pilkada serentak berjalan kondusif meski masih di era pandemi Covid 19"
"1","Mari kita sambut pesta demokrasi yang damai sejuk serta bebas covid 19 "
"1","Pelaksanaan protokol kesehatan selama pilkada juga sudah diatur dalam peraturan Komisi Pemilihan Umum PKPU"
"1","Pilkada nantinya pun akan berjalan aman dan tetap menerapkan Protokol Kesehatan "
"1","Pelaksanaan pilkada tgl 9 Desember bisa dijalankan  dipastikan dgn usaha yg sungguh2 semua pihak semua sudah memiliki masker"
"1","gerakan masif bagi masker  pakai masker terjadi di daerah yang menggelar Pilkada "
"1","Jangan ragu datang pilkada ke TPS ya Pastikan bawa identitas diri dan alat tulis pribadi"
"1","Mari ikuti terus mengawal proses peningkatan disiplin protokol kesehatan di daerah Pilkada "
"1","Piknik yuk ke pantai Nikmati angin sepoi sepo jadikan pilkada 9 desember 2020 dengan santai Yang penting damai"
"1","Pilkada aman dari Covid Tak perlu merasa khawatir memilih di tengah Pandemi "
"1","Pilkada aman petugas KPPS yang bertugas di TPS harus menjalani Rapid Test sebelum bertugas"
"1","Taati prokes dukung Pilkada utk bangun daerah"
"1","maju terus jangan kasih kendor pahlwan covid 19 sukseskan pilkada"
"1","Pilkada sudah di depan mata Mari kita rayakan pesta demokrasi dengan sukacita"
"1","Indonesia menjadi bangsa di segani dunia Indonesia bisa melaksanakan proses demokrasi lokal di tengah pandemi Covid 19"
"1","Yang penting Pilkada damai ikuti ProKes dam aman lancar jaya"
"1","Yuk siap2 menentukan Pilkada hari ini yakinkan diri bahwa pilihanmu org yg tepat menjadi Pemimpin diDaerahmu"
"1","Selamat menyoblos bagi sahabat yg ikut pilkada Jgn lupa menerapkan prokes dan 3M"
"1","Bersiap pilkada Mudah2an prokes nya bagus"
"1","Gunakan hak pilih jangan golput tetap legowo dan tenang abis pilkada taat prokes"
"1","Cegah terjadinya klaster Pilkada Butuh Komitmen bersama terapkan Prokes"
"1","Hadapi pilkada dengan prokes hrs ttp jalan trus beda pilihan jgn sampe berantem"
"0","Cluster Pilkada sedang dalam pembuatan"
"0","kalo skrg si malah bener golput lagi corona gini temenku yg tetangganya positif malah jaga tps"
"0","Banyak spanduk yang bilang Jangan Golput ayo memilih buat kena corona maksudnya"
"0","Berharap konser yg udh di set sedemikian rupa tu tpp jalan ditengah pandemi buat ngilangin suntuk eh malah dibatal"
"0","Aku tu pengen fokus belajar Bapakku malah telponan keras bgt ngomongin pilkada"
"0","Sukses Pilkada serentak Indonesia Rabu 9 Desember 2020"
"0","Selamat dan Sukses Pilkada Serentak Rabu 9 Desember 2020 Coblos pemimpin yang bersama melayani rakyat"
"0","Pilkada berlangsung sukses Pilkada yang dikhawatirkan jadi klaster baru Covid tidak terbukti bravoo"
"0","Golput aja elah Pilkada ga masuk akal Udah tau pandemi banyak rakyat yang kehilangan pekerjaan karena wabah ini"
"0","Cuaca dan kondisi pandemi ini mendukung banget utk golput astaghfirullah ckck"
"0","Coblos apa gak pandemi pilkada MosiTidakPercaya"
"0","Pilkada 2020 Ditengah pandemi semoga aman dan sehat tanpa cluster pilkada sayang masih saja dengan cara tidak"
"0","Gile Lo dro blum ditambah cluster baru dampak pilkada"
"0","Tak kandani yo aku wes 2x Pilkada ora nyoblos salah satu paslon mergane ora ono sing sreg Wes tak blak ke sisan"
"0","Pas pilkada kemaren ditanyain sama abang grab knp ga nyoblos ya buat apa Gada efek apa2 jg buat saya"
"0","Mmng pada laki laki pada nyoblos sekarang percuma cm pilkada abal2"
"0","Di rumah ngga ada satupun yang ikut nyoblos di Pilkada hari ini Ngga usah ditanya alasannya Udah jelas Jakarta ngga"
"0","Ehh kemarin nyoblos pilkada ya Bukannya mau golput sih cuman ketiduran jadinya gk nyoblos Baru ngeh sekarang lgi kan ANJIM"
"0","Pilkada teraneh Nggak dateng terus disamperin ke rumah bertetep bisa nyoblos dan pilihan calonnya cuma 1 Udah pasti"
"0","pilkada gua gadapet surat buat nyoblos"
"0","Pengen nyoblos aja pilkada berikutnya tapi mau tak gambarin emoticon eeq aja nanti"
"0","Euforia pilkada Nyoblos kami ora Wkwk"
"0","Besok bakal golput untuk pertama kalinya sebagai bentuk kekecewaan karna tetap melaksanakan pilkada dalam situasi pandemi"
"0","ga pandemi aja awak golput apa lagi situasi kayak gini udah ga usah malu buat ga milih memilih untuk ga milih"
"0","Pilkada banget bos Lagi pandemi gini kemaren bokap temen gw meninggal gara2 covid Golput aja lah stay di rumah"
"0","sebenarnya selaras atau tidak Saat pandemi kita nyoblos kita gak nyoblos juga golput Kalau kita nyoblos juga ga"
"0","Gak korona aja gue golput apalagi ini lagi pandemi mending molor lah bukan ga cinta tapi milih juga percuma"
"0","Mari kita lihat esok angka golput dengan kesadaran masyarakat soal bahaya pandemi ini gak ya"
"0","Seperti memilih sedikit bangsat diantara bangsat lainnya Daripada corona mending golput Pilkada 2020"
"0","Kalau dlm mslh pilkada Medan dr jaman batu ampe jaman corona skrg 1 pun gk ada yg beres pejabatnya"
"0","golput lah gw takut korona"
"0","Aku Golput Gais Udh tau korona malah ngadain pilkada ini apa maksudnya yakann Ayuk golput"
"0","Orang orang partai kenapa ya ambisi banget ngadain pilkada mana ngajak warga lagi musim Cor"
"0","tante ku anak hukum tp golput alasannya korona"
"0","Golput tim takut korona"
"0","Golput pilkada Takut corona Takut hujan"
"0","Hahaha goblok aja petugas pilkada klo mau nyamperin"
"0","salah siapa engga corona di coronakan habis kan rakyatnya buat pilkada udah itu yg di coronakan golput aja wkwk"
"0","Ingat Pilkada tar Golput aja ya Soalnya di brazil masih korona"
"0","Hari ini kami sekeluarga golput Najis tralala jam nyoblos calon pengkhianat yg cm baik wktu kampanye doang disampi"
"0","Pak presiden dan jajaran saya ijin golput ya soalnya saya gamau mati muda karna korona pak saya belum nikah soalnya Pilkada 2020"
"0","Jangan golput biar mati kena corona"
"0","pilkada masih korona lurd mending di rumah teros golput"
"0","Gak korona aja gue golput apalagi ini lagi pandemi mending molor lah "
"0","Golput kayanya pilihan terbaik untuk meminimalisir kasus korona Buat yg tinggal di daerah tersebut"
"0","Aku golput di pilkada kali ini Disaat corona"
"1","Hati pilkada sll ingat prokes Jng menyentuh bagian muka habis coblos cuci tangan dg sabun "
"1","Pulang pilkada langsung kekamar mandi rendam pakaian diair sabun dan mandi yg bersih "
"1","Tolong pak soal Pilkada nanti diterapkan Prokes yg sangat ketat dan tegas bagi yg melanggar"
"1","Pak anis baswedan tlg kasih statement pilkada lanjut terus bila perlu dipercepat"
"1","pakailah masker dimanapun anda berada dan jangan golput pilkada jadilah warga negara yg baik"
"1","Pilkada ditengah pandemi di sini tiap undangan beda jamnya Dateng sesuai jam masuk TPS cuci tangan dicek suhu dikasih nomer antrian"
"1","Besok pilkada Jangan lupa dateng ke rumah aku krna rumah aku tps"
"1","Terkait Pilkada warga disuruh jangan takut dateng ke TPS karena penjagaan yg ketat"
"1","Kalo gue pilkada tetap diselenggarakan tapi ada aturan nya kampanye tanpa dangdutan bisa kampanye lewat sosmed"
"1","Dateng milih pulang Ga usah ngobrol ngegosip kiri kanan Anak anak kecil gausah diajak"
"1","Tadi siang udah ikutan ngasih hak suara di Pilkada 2020 TPS yang aku datengin tadi siang enggak rame"
"1","Besok pas Pilkada katanya dateng langsung aja ke TPS bawa KTP"
"1","kalo suara gue gak kepake sayang apalagi kalo menguntungkan salah satu pihak Sorry gue gak rela gue tetep nyoblos di pilkada"
"1","Pemerintah sangat bijak dgn tdk menunda jadwal Pilkada sesuai dgn jadwal yg di tentukan"
"1","Pilkada harus berjalan suara adalah hak Bisa diambil bisa jg tidak silahkan bijak"
"1","Ayo Guys gunakan hak pilihmu dalam Pilkada 2020 jadilah bangsa yang cerdas dengan menggunakan hak pilih jadilah bangsa yang bijak"
"1","Semoga kita bertambah bijak seiring dg siapa Paslon pilkada terpilih nanti di tiap daerah beserta kebijakan nya"
"1","Bijak Bermedia Sosial Sambut Pilkada 2020"
"1","buat yg di daerahnya mengadakan pilkada good luck and stay safe pls pilih pemimpin dgn bijak jgn lupa minta sama Tuhan "
"1","Tuk rakyat Indonesia yang akan mengikuti Pilkada Nasional secara serentak agar menggunakan Hak Pilih yang bijak"
"1","Gunakanlah hak pilih di pilkada dgn bijak Kita boleh pilih kotak kosong drpd tdk memilih sama sekali"
"1","Golput karena pilkada dilaksanakan saat pandemi itu menurutku bukan hal yang bijak"
"1","Selamat melaksanakan Pilkada para follower Gunakan hak pilih dengan bijak"
"1","Sebagai millennials yuk perdalam lagi pengetahuan berpolitik kita apalagi jelang musim Pilkada ini harus bijak bersikap"
"1","Share Update segala informasi yang bermanfaat untuk kita semua serta wujudkan Pilkada Damai agar dapat dengan lancar dan kondusif "
"0","Pak jokowi yg saya hormati guna menekan kasus COVID 19 ada baiknya PILKADA 2020 DITUNDA"
"0","di daerah lagi pada kampanye pilkada ya sebaiknya gak ikut2an sesuatu yg mudlarat kan"
"0","Tolong Pilkada di tunda bahaya orang banyak Bijak dikit kek ambil tindakan"
"0","bilasaja bijak maka pilkada ditunda saja sampai kondisi kesehatan rakyat NKRI harga hidup sdh aman dari serangan massal covid"
"0","Abaikan Partai politik besar yang sekarang mencari Dukungan untuk kepentingan mereka di pilkada serentak"
"0","Fuck kebijakan pilkada yang gak bijak"
"0","Mengabaikan keselamatan dengan memaksakan kehendak pilkada serentak di tengah suasana pandemi itulah cermin sikap tdk bijak"
"0","Kenapa pilkada dibolehkan kegiatan agama dihalangi Bukan begitu seharusnya cara berpikir kita"
"0","This country is a joke Pilkada masih jalan aja padahal lagi pandemi"
"0","Semangat buat pilkada Semangat buat ga dateng ke TPS"
"0","Kalau pemerintah gak mau menunda pilkada tinggal rakyat gak usah ada yang dateng ke TPS"
"0","Pilkada klo semua rakyat kompak boikot ga dateng ke tps biar yg menang kotak kosong"
"0","Niat besok pas pilkada ngga dateng ke TPS eh malah dijadiin panitia hidup memang sebangsat itu"
"0","msh gangerti kenapa pilkada ga dilakuin voting online aja drpd ttp dateng ke tps pas kondisi lg kyk gn"
"0","Kayaknya baru kali ini ga nyoblos di pilkada atau pemilu Bener2 ga Dateng ke TPS"
"0","ngausa temenan sama yg hari ini dateng ke TPS buat nyoblos pilkada"
"0","Dari pada kenapa kenapa gak usah dateng ke TPS pilkada ya kan"
"0","Mau pilkada malah banyak menteri ketangkep KPK haha dan masi ngarep pd dateng ke TPS Ha ha"
"0","Mau ada pilkada kan Buat rakyat yang waras jangan ada yang dateng ke tps kaga gunaa juga kita orang milih"
"0","Udah beberapa pilkada pilpres aing pasti golput dateng tapi merusak surat suara"
"0","Tips merayakan pilkada 2020 di tengah pandemi covid 19 Gak usah dateng ke TPS"
"0","Kontestan Pilkada banyak langgar Prokes Covid apakah Bawaslu KPU bisa dipecat"
"0","Kalau peserta pilkada tidak mampu mencari trobosan agar lalu dipilih tanpa melanggar prokes artinya dia tak pantas dipilih"
"0","cara menaati prokes saat pilkada adalah dengan diam dirumah dan tidak memilih"
"0","Lucu ya Waktu pilkada sama kampanye gak ada tuh satpol PP turun ke lokasi yang rame kerumunan seperti cafe rumah makan"
"0","Demi Pilkada PSBB ditolak disuruh damai dgn Corona malah diklaim bisa ningkatin imun"
"0","Pengen nonton bola aje susah Pilkada banyak pelanggaran prokes nye aje lanjut terus"
"0","Pilkada suruh datang ikuti prokes Apa ndak virtual aja pilkadanya"
"0","Pilkada langgar prokes covid"
"0","Pilkada baru langgar prokes makanya jgn kebanyakan daging babi"
"0","Egois dan tak bisa mengatur anak buah menjadi penyebab pelanggaran prokes saat pendaftaran Pilkada yang dilakukan Cakada"
"0","Memaksakan diri utk melaksanakan pilkada di tengah pandemi yg kian meraja sungguh kebodohan sosial bagi bangsa ini "
"0","TNI Polri di garis depan prokes Pilkada dan kabarnya mereka paling banyak terpapar"
"0","Lawan Pilkada non prokes"
"0","tolak PIlkada yang calon calonny tidak mengindahkan prokes harus ada temuan cara Pilkada yang aman san sesuai Prokes"
"0","minta tunda pilkada malah lanjut minta batalkan omnibus law malah disahin "
"0","Masa PILKADA doang yg gak bisa di batalkan"
"0","Liga di batalkan Layangan di bubarkan pilkada tetep jalan"
"0","Sepakbola tanpa penonton tdk di ijinkan Pilkada banyak orang di ijinkan padahal sama sma menerapkan protokol kesehatan"
"0","Pilkada dilanjutkan liga di batalkan lucu sekali"
"0","Kalau Gibran kalah di Pilkada kira2 di batalkan gak Pemilu nya"
"0","berharap pilkada serentak 9 desember 2020 di batalkan karena kasus pandemi covid 19 terus meningkat "
"0","Jokowi harus bertanggung jawab jika jumlah kasus baru Covid 19 di Indonesia kembali mengalami lonjakan paska pilkada"
"0","Udahlah pilkada serentak batalkan"
"0","batalkan pilkada brengsek"
"0","Cuti akhir tahun di batalkan pasar ditutup tapi pilkada tep lanjottttt wkwkw"
"0","Batalkan Hasil Pilkada 9 Des 2020 krn bersumber dari korupsi Dana Sosial Bansos "
"0","batalkan pilkada krn mengundang kerumunan banyak orang di masa pandemic"
"0","Cara paling mudah mengurangi angka covid 19 adah BATALKAN PILKADA"
"0","Sepertinya sy bakal golput utk pilkada kali ini Terlalu mahal ongkos utk pulang"
"0","Mungkin perlawanan kita bisa dimulai dengan golput pilkada"
"0","Pilkada golput serangan Fajar tampani"
"0","Dengan tidak menunda pilkada maka Presiden jokowi sdh membuat keputusan yg tidak bermoral "
"0","Sebelum pilkada ditunda hingga ada vaksin gue akan terus mengajak golput"
"0","Pilkada sebaiknya kalian golput Nyawa kalian ngga sebanding dipertaruhkan"
"0","Bicara pilkada Golput ma jugak pilihan memilih untuk tidak memilih"
"0","Jika melihat hasil perolehan suara pilkada 2020 mayoritas dimenangkan GOLPUT"
"0","Dugaan saya akan ada aksi GOLPUT PILKADA secara Nasional massal"
"0","Kalo pilkada golput aja gaiss Ga butuh wakil Rakyat Percumaa Ga guna"
"0","Ga usah pusing nek pemerintah ngeyel gawe pilkada Golput ae lak uwes "
"1","Semoga pilkada lanjar jaya covid segera tuntas"
"1","Tentukan Masa Depan Daerah Guanakan Hak Pilih Disiplin Protapkes AKB"
"1","Tetap waspada terhadap penyebaran covid 19 dalam pelaksanaan pilkada 2020"
"1","Tetap gunakan hak pilihmu tapi ingat Jangan ada penumpukan dan kerumunan di TPS pilkada sehat"
"1","Jangan lupa di 9 Desember pakai masker coblos calon yang bener"
"1","Paslon Partai Pendukung dan Simpatisan Paslon pada Pilkada 2020 harudisiplin dan mematuhi protokol kesehatan "
"1","Semangat Pilkada Serentak Harus Mampu Melahirkan Pemimpin Daerah Berkualitas"
"1","Keberhasilan Pilkada harus diimbangi dengan keberhasilan penanganan covid"
"1","Partisipasi pemilih menjadi salah satu kunci sukses pelaksanaan pilkada"
"1","Mari bersama sama kita sukseskan Pilkada 2020 demi mewujudkan perhelatan demokrasi yang sehat aman dan berkualitas"
"1","Jangan lengah Sayangi diri kita keluarga kita dan negara kita Bersatu wujudkan Indonesia sehat dan pilkada yang bermartabat "
"1","Kita menerapkan protokol demokrasi dan sekaligus protokol kesehatan untuk melaksanakan pilkada yang sehat "
"1","Bagusss nih Erick Ingatkan Pilkada 2020 Perketat Protokol Kesehatan"
"1","Pilkada merupakan wujud pelaksanaan perjuangan segenap stakeholder negara untuk melanjutkan demokrasi "
"0","Proses pilkada akan membuat sebaran pendemi corona makin parah"
"0","Klo tetap ngadain pilkada ya silahkan Yg nyoblos ga pda datang jgn salahkan Sya pun ogah nyoblos "
"0","Makin muak aje gw liat pilkada tahun ini ngga tau tempat dan miskin nurani"
"0","Percuma berwawasan luas kalo Pilkada kemarin kamu masih ikut nyoblos"
"0","Pilkada gua gak akan nyoblos mau mati kali ya anjir pilkada nyoblos"
"0","Pilkada serentak ttp di paksakan mereka tidak perduli sm nyawa kita jadi pilkada nanti jangan nyoblos mending di rumah aja"
"0","dah lah bsk klo ada pemilu pilkada nyoblos angin aja lah"
"0","Males ngikutin pilkada nyoblos saat pilkada gara ini sedang covid"
"0","Kalo Pilkada tetap dilaksanakan saya tidak akan nyoblos"
"0","mengapa kampanye pilkada tetap jalan walau banyak yang tertular biar nanti yg mati dihitung nyoblos"
"0","pilkada nyoblos apaan calonnye tumbang semua kena covid"
"0","Menang Pilkada gunakan jasa ormas radikal intoleran politisasi ayat  mayat dan dukungan politisi busuk"
"0","Pemerintah Indonesia ngotot melaksanakan PILKADA padahal angka pertumbuhan kasus positif CVD terus meningkat "
"0","Pilkada serentak diteruskan Panitia semua pake APD Ntar mati lagi karena kelelahan "
"0","Bibir dikulum nelan manga Assalamualaikum Yuk kita nyoblos utk pilkada"
"0","Dan sepertinya Desember nanti rakyat akan bungkam suara Golput Pilkada"
"0","Dengan dilanjutnya Pilkada 2020 tanpa kehendak untuk Tunda Pilkada Pencegahan dan penangkalan Covid 19 pastinya menjadi Gatot"
"0","Jangan berpesta pikada diatas derita dan musibah"
"0","Mau tunggu berapa nyawa lagi jadi korban Mr President jokowi Segera Tunda Pilkada"
"0","Rakyat bertaruh nyawa sementara Negara pesta pora pilkada"
"0","Tuntutan Tunda Pilkada dianggap angin lalu Penyelenggara Negara tidak memberi contoh yang baik untuk Rakyatnya"
"0","Klaster Pilkada Mulai Terbentuk Dinkes Minta Bawaslu Jalankan Maklumat Kapolri"
"0","Kasian ya jadi rakyat Indonesia Minta Tunda Pilkada eh tetap lanjut"
"0","Tolol bgt yg ikut2 kampanye pilkada ntar positif covid susah sendiri Lo kira itu yg nyalon itu mau bayarin biaya sakit lo mimpi "
